XPEAK,YPEAK,X1,Y1,X2,Y2,XY,SN_1,SN_2,SN_3,SN_4,SN_5,BACK_IM,VAR_IM,BACK_ANNULUS,STD_ANNULUS,FLUX_APER_1,FLUX_APER_2,FLUX_APER_3,FLUXERR_APER_1,FLUXERR_APER_2,FLUXERR_APER_3,MAG_APER_1,MAG_APER_2,MAG_APER_3,MAGERR_APER_1,MAGERR_APER_2,MAGERR_APER_3,FLAGS,X,Y,FLUX_PSF,MAG_PSF,MAGERR_PSF,PSF_CHI2DOF,SN,RA,Dec,APC_MAG_APER_1,APC_MAG_APER_2,APC_MAG_PSF,MergedCatMask,Nobs,DistMP,JD,CropID,DIFF_MAG,GAIA_RA,GAIA_DEC,LAST_IDX
1365,11,1364.88952636719,11.4445276260376,0.663214325904846,0.692576289176941,-0.00671554449945688,5120.64501953125,8948.162109375,8327.70703125,6235.6513671875,3847.77880859375,131.753707885742,5.76241016387939,132.534454345703,2.35099697113037,61908.27734375,80462.9765625,83556.578125,0.00401925016194582,0.00352546875365078,0.00345958536490798,12.9418569026849,12.9505840943031,12.9501228511865,0.00436490587890148,0.0038286589551717,0.00375710963271558,209715340,1364.88916015625,11.4426555633545,83957.546875,12.9433988760434,0.00374813168309629,3.8409378528595,289.744354248047,255.637566980213,64.4530850125175,-0.333845764810176,-0.0405001362142681,-0.00152735141715965,103,20,NaN,2460855.28356149,16,0.00225193502201844,255.63752746582,64.4530563354492,1
1704,94,1704.09704589844,93.7494277954102,0.663828909397125,0.68849641084671,-0.0114677557721734,798.065856933594,1280.08508300781,1167.99621582031,863.746276855469,530.880554199219,131.635070800781,5.96089839935303,132.394256591797,7.08819198608398,8597.19921875,11192.314453125,11632.734375,0.0108165023848414,0.00947354733943939,0.00929169543087482,15.085336210718,15.0922745633281,15.0908699300505,0.011746721342206,0.0102882720530033,0.0100907813757658,738197508,1704.09509277344,93.7489166259766,11741.130859375,15.079272670599,0.0100250160321593,0.375495225191116,108.329002380371,255.917085667812,64.4708953274419,-0.333845764810176,-0.0405001362142681,-0.00152735141715965,103,20,NaN,2460855.28356149,16,-0.00182577418468325,255.917083740234,64.4709014892578,3
555,30,554.54248046875,29.8721504211426,0.668695688247681,0.691268086433411,-0.00788425747305155,543.038024902344,937.230285644531,873.476745605469,655.264038085938,405.047119140625,131.16552734375,5.89069652557373,131.698852539062,44.8473930358887,6566.3642578125,8543.73046875,8814.697265625,0.0141045516356826,0.0120249139145017,0.0118039213120937,15.3779162495944,15.3854554677542,15.3920559492153,0.0153175434097648,0.0130590563639998,0.0128190582618117,201326724,554.546447753906,29.8713493347168,8906.046875,15.3793358038388,0.0115114729851484,0.697586238384247,94.3406600952148,254.985122656844,64.4832019513335,-0.333845764810176,-0.0405001362142681,-0.00152735141715965,103,20,NaN,2460855.28356149,16,-0.00646360728977543,254.985137939453,64.4831695556641,4
926,67,926.230834960938,67.4670486450195,0.674017667770386,0.702669262886047,-0.0143599556759,421.697174072266,755.75830078125,711.04736328125,540.435363769531,348.076965332031,131.417755126953,5.92613506317139,132.208099365234,43.0305786132812,5379.5712890625,7078.5302734375,7358.4208984375,0.0158072952181101,0.0133501617237926,0.0130420671775937,15.5943594965775,15.5897165742331,15.5881128823972,0.0171667225658894,0.0144982757046819,0.0141636850312352,201326596,926.224670410156,67.4702606201172,7312.20068359375,15.5934271048031,0.0127052050083876,0.474005997180939,85.4767761230469,255.287655014953,64.4857629674064,-0.333845764810176,-0.0405001362142681,-0.00152735141715965,103,20,NaN,2460855.28356149,16,-0.00995799520129552,255.287612915039,64.4857864379883,5
481,36,481.115539550781,35.5469665527344,0.678352534770966,0.69971764087677,-0.0036656791344285,1696.9765625,2932.80151367188,2732.93286132812,2053.5400390625,1271.07385253906,131.131011962891,5.81947565078735,131.543182373047,3.12205696105957,20331.953125,26704.49609375,27714.853515625,0.00701478729024529,0.0061205024830997,0.00600786367431283,14.1507809497279,14.1481133604369,14.1482929964078,0.00761805893853307,0.00664686551317573,0.00652454001829028,201326596,481.114959716797,35.5497055053711,27557.130859375,14.1529630850277,0.00654272502288222,1.35084676742554,165.985885620117,254.926187807326,64.4871820494821,-0.333845764810176,-0.0405001362142681,-0.00152735141715965,103,20,NaN,2460855.28356149,16,-0.00795481235697645,254.926177978516,64.4871673583984,6
315,33,314.612731933594,32.9710159301758,0.677077889442444,0.702712595462799,-0.0131569216027856,773.775634765625,1310.40234375,1214.23461914062,907.178588867188,559.134765625,131.098480224609,5.59934186935425,131.06396484375,2.42993474006653,8769.830078125,11521.7236328125,11984.361328125,0.0106819495558739,0.00931863952428102,0.00913691334426403,15.0637507409836,15.0607806878046,15.0585372227416,0.0116005968302488,0.0101200425997376,0.00992268789559603,201326596,314.616851806641,32.9718742370605,11886.0810546875,15.0659507940731,0.00996351893991232,0.63872754573822,108.997634887695,254.79154908032,64.490742260248,-0.333845764810176,-0.0405001362142681,-0.00152735141715965,103,20,NaN,2460855.28356149,16,-0.0227631724162895,254.791595458984,64.49072265625,7
1479,189,1478.96118164062,188.695541381836,0.669540822505951,0.684573531150818,-0.010363376699388,738.378967285156,1184.111328125,1083.76928710938,802.909912109375,493.575653076172,131.800354003906,6.02724170684814,132.489654541016,3.20969557762146,8042.34375,10507.640625,10848.8125,0.0111580081284046,0.00976023357361555,0.00960539001971483,15.1577721049944,15.1608112932211,15.1666189489887,0.0121175972744823,0.0105996141210198,0.0104314535856247,671088640,1478.95947265625,188.696426391602,10993.654296875,15.1506923864804,0.0103604309260845,0.615442097187042,104.821899414062,255.742497733542,64.5111186435548,-0.333845764810176,-0.0405001362142681,-0.00152735141715965,103,20,NaN,2460855.28356149,16,-0.00425848293475357,255.742553710938,64.511116027832,9
1251,208,1251.33752441406,207.666839599609,0.671576619148254,0.694975256919861,-0.0103608220815659,487.639923095703,821.773376464844,763.179870605469,572.677551269531,355.778686523438,132.177932739258,6.22280645370483,132.800445556641,57.9367942810059,5869.796875,7687.1630859375,7923.5166015625,0.0163641963154078,0.0136707974597812,0.0134041784331203,15.4996709885318,15.5001590748058,15.5077795187837,0.0177715178579092,0.0148464860394597,0.0145569378510118,671088772,1251.33447265625,207.669387817383,7989.8837890625,15.4971965979062,0.0121542634442449,0.39506271481514,89.3513641357422,255.559979515109,64.5247964028166,-0.333845764810176,-0.0405001362142681,-0.00152735141715965,103,20,NaN,2460855.28356149,16,-0.000899131135388118,255.560028076172,64.5248336791992,11
825,313,824.991394042969,313.454162597656,0.6601522564888,0.689254879951477,-0.0045255534350872,1260.72668457031,2171.76123046875,2016.59497070312,1507.00012207031,928.532165527344,131.53840637207,5.79956912994385,132.084686279297,2.22531700134277,15013.244140625,19494.080078125,20166.7265625,0.00816270988434553,0.00716314557939768,0.00704264221712947,14.4800423294291,14.4898174631879,14.493485939418,0.00886470265686512,0.0077791758812964,0.00764830922707915,671088644,824.992309570312,313.451995849609,20410.3671875,14.4789203833065,0.00760266883298755,0.850417852401733,142.844573974609,255.222379190517,64.5742318471738,-0.333845764810176,-0.0405001362142681,-0.00152735141715965,103,20,NaN,2460855.28356149,16,-0.00319166409896655,255.222427368164,64.5742111206055,19
859,325,859.111511230469,325.117126464844,0.657835125923157,0.689915776252747,-0.00598167488351464,1640.44799804688,2609.4697265625,2367.50024414062,1747.24951171875,1106.69689941406,131.571701049805,5.7540922164917,132.121734619141,2.59376931190491,16996.72265625,22112.873046875,23407.646484375,0.00767190707847476,0.00672579230740666,0.00653707608580589,14.3453157283353,14.35296139671,14.3316800899451,0.00833169091492891,0.00730421021580696,0.00709926476702094,134217728,859.10498046875,325.1044921875,23262.142578125,14.3369230459652,0.00712129008024931,1.01625430583954,152.500457763672,255.250791931812,64.5773003644532,-0.333845764810176,-0.0405001362142681,-0.00152735141715965,103,20,NaN,2460855.28356149,16,-0.0262441869429753,255.250747680664,64.5773468017578,22
1066,343,1065.95178222656,343.092987060547,0.66113406419754,0.685454845428467,-0.00873141083866358,1895.33349609375,3044.03955078125,2765.57690429688,2030.90625,1244.4072265625,132.728820800781,7.06972169876099,135.789978027344,5.18196249008179,21977.16015625,28459.88671875,29404.056640625,0.00674962066113949,0.00593045772984624,0.00583437876775861,14.0662997668708,14.0789914113082,14.084056338706,0.00733008794486523,0.00644047698006034,0.00633613532409072,134217732,1065.95068359375,343.093292236328,29960.58984375,14.0621713827572,0.00627488642930984,1.02730894088745,173.070861816406,255.419547544589,64.577479177672,-0.333845764810176,-0.0405001362142681,-0.00152735141715965,103,20,NaN,2460855.28356149,16,-0.0153405285574017,255.41960144043,64.5774765014648,23
774,326,773.7734375,325.588409423828,0.66392058134079,0.690468370914459,-0.00667402567341924,3847.91040039062,6576.712890625,6111.60791015625,4577.3291015625,2827.02197265625,131.52311706543,5.86301565170288,132.613891601562,2.37171006202698,45934.109375,59581.71484375,61806.08203125,0.00466615287587047,0.00409698160365224,0.0040225749835372,13.2658904508307,13.2767918334467,13.2774964313957,0.00506744207814336,0.0044493218883872,0.00436851661652327,134217732,773.773986816406,325.588836669922,62228.91015625,13.2685665319882,0.00435365689918399,1.90134167671204,249.44548034668,255.181704039393,64.5799197837014,-0.333845764810176,-0.0405001362142681,-0.00152735141715965,103,20,NaN,2460855.28356149,16,-0.00869971671492227,255.181625366211,64.5799560546875,24
446,319,446.486450195312,318.834411621094,0.679003834724426,0.696477651596069,-0.00782749615609646,794.077453613281,1386.98571777344,1300.02465820312,982.227294921875,613.141540527344,131.359252929688,5.7353138923645,131.269653320312,3.8605649471283,9699.0302734375,12694.06640625,13248.859375,0.0101617677137256,0.00888084806501865,0.00869270414113998,14.954407903019,14.9555724088914,14.9496282342508,0.0110356798395514,0.00964460056275129,0.00944027677178383,671088644,446.486999511719,318.834411621094,13121.2880859375,14.9586071203671,0.00948279723525047,0.536527037620544,114.523170471191,254.91606143767,64.5866712888943,-0.333845764810176,-0.0405001362142681,-0.00152735141715965,103,20,NaN,2460855.28356149,16,-0.026224160869916,254.916076660156,64.5866928100586,26
530,345,530.264038085938,344.885467529297,0.669320046901703,0.69016969203949,-0.00890093576163054,14990.2265625,24524.79296875,22477.560546875,16627.826171875,10196.5908203125,131.401245117188,6.00779485702515,135.476226806641,3.02087187767029,166638.4375,217058.921875,224991.3125,0.00244976417161524,0.00214644754305482,0.00210826843976974,11.8667907398513,11.8731302264789,11.874660093587,0.00266044400632381,0.00233104196377099,0.0022895794827491,671088644,530.263366699219,344.884826660156,226601.90625,11.8653892706356,0.00228141248226166,5.66624355316162,476.020904541016,254.985628905251,64.5934488158437,-0.333845764810176,-0.0405001362142681,-0.00152735141715965,103,20,NaN,2460855.28356149,16,0.000970291307321753,254.985610961914,64.5935516357422,28
1280,413,1279.54748535156,413.234161376953,0.665266633033752,0.689866125583649,-0.00849459692835808,466.438262939453,826.570373535156,778.483764648438,602.18994140625,401.931701660156,134.406539916992,12.5928897857666,145.592758178711,9.25211906433105,8445.73828125,10959.806640625,11475.392578125,0.010936314240098,0.00958932377398014,0.00936979427933693,15.1046346383993,15.1150670910019,15.1056555786893,0.0118768373504281,0.0104140052571893,0.010175596922636,134217732,1279.55737304688,413.231536865234,11593.0419921875,15.0930542181454,0.0100917592644691,0.758880436420441,107.61255645752,255.59753861407,64.5953842898947,-0.333845764810176,-0.0405001362142681,-0.00152735141715965,103,20,NaN,2460855.28356149,16,-0.022035801589856,255.597564697266,64.5953979492188,29
962,394,962.120483398438,393.713317871094,0.66791558265686,0.700124680995941,-0.00671057356521487,927.183227539062,1500.54272460938,1375.51318359375,1022.27044677734,630.528991699219,131.983734130859,6.13163328170776,131.901458740234,2.39205241203308,10303.1181640625,13525.6435546875,14120.5458984375,0.00985453650355339,0.00860028527677059,0.0084170950576663,14.8888069898667,14.8866794790764,14.880445744132,0.0107020270079374,0.00933991000056267,0.00914096552878618,134217732,962.117370605469,393.709045410156,14046.837890625,14.8846010397397,0.00916505977511406,0.339489966630936,118.493499755859,255.338925522135,64.5981527319422,-0.333845764810176,-0.0405001362142681,-0.00152735141715965,103,20,NaN,2460855.28356149,16,-0.0237696323241416,255.338912963867,64.5981216430664,30
1143,416,1142.88305664062,415.597534179688,0.668537259101868,0.686038076877594,-0.015000406652689,3467.8193359375,5799.47314453125,5358.82421875,3995.833984375,2460.76123046875,133.555114746094,8.72896957397461,135.100463867188,2.92550802230835,48696.6875,63249.24609375,65560.8515625,0.0045319851487875,0.00397650664672256,0.00390576454810798,13.2024801509302,13.2119359469643,13.2134630015009,0.00492173573002219,0.00431848643347621,0.00424166023731232,671088644,1142.88232421875,415.597564697266,66135.84375,13.202454967352,0.00422318419441581,3.3269989490509,257.151947021484,255.48695522044,64.6003762896778,-0.333845764810176,-0.0405001362142681,-0.00152735141715965,103,20,NaN,2460855.28356149,16,-0.0184700497575764,255.486907958984,64.600341796875,31
1189,429,1189.50048828125,429.134063720703,0.670790672302246,0.691249072551727,-0.0059916814789176,454.981597900391,794.284484863281,746.299072265625,575.289123535156,378.524108886719,134.12028503418,11.1817464828491,142.22412109375,6.30563068389893,7645.25634765625,9989.564453125,10465.7275390625,0.0114664863795042,0.0100251128897071,0.00979351717978716,15.2127485531805,15.2157079362062,15.2056508959674,0.0124526042491198,0.0108872726559639,0.0106357596814632,671088644,1189.49731445312,429.135437011719,10499.158203125,15.2006611059628,0.0106043415144086,0.821418523788452,102.41088104248,255.525694657193,64.6036696347703,-0.333845764810176,-0.0405001362142681,-0.00152735141715965,103,20,NaN,2460855.28356149,16,-0.0256779155545398,255.525680541992,64.6036682128906,34
1480,474,1480.40795898438,474.345153808594,0.668141961097717,0.693277299404144,-0.0107711786404252,1728.72692871094,3040.0263671875,2848.07250976562,2151.21362304688,1334.86987304688,132.070053100586,6.07498168945312,133.113143920898,3.23066806793213,21962.08203125,28682.787109375,29757.859375,0.00674941949546337,0.00590565847232938,0.00579796126112342,14.0670449261394,14.070520955348,14.0710702475691,0.00732986954972148,0.00641354499384761,0.0062965857796371,134217732,1480.40673828125,474.344512939453,29821.14453125,14.067237300726,0.0062894388101995,1.46274018287659,172.67041015625,255.764766264342,64.6103446622419,-0.333845764810176,-0.0405001362142681,-0.00152735141715965,103,20,NaN,2460855.28356149,16,-0.00324729626647806,255.764770507812,64.6103134155273,35
1030,436,1030.33386230469,436.135162353516,0.656463265419006,0.686610281467438,-0.00980619713664055,3963.85278320312,6606.82275390625,6068.71337890625,4497.16552734375,2760.38793945312,132.479095458984,6.73923110961914,133.926391601562,2.81996250152588,48197.48828125,62306.421875,64549.55078125,0.00455536972731352,0.00400646449998021,0.00393622694537044,13.2136676852867,13.2282423016911,13.2303414057515,0.00494713149964809,0.00435102032497525,0.00427474267780781,134217732,1030.33227539062,436.134033203125,65539.9140625,13.2122835348568,0.00424227910116315,2.54190111160278,255.994476318359,255.397155001934,64.6108877008391,-0.333845764810176,-0.0405001362142681,-0.00152735141715965,103,20,NaN,2460855.28356149,16,0.00432032501916598,255.397323608398,64.6109008789062,36
1460,494,1459.98937988281,494.143249511719,0.665014922618866,0.691421329975128,-0.00777088850736618,2645.9580078125,4246.599609375,3864.04736328125,2842.40869140625,1738.23303222656,132.130401611328,6.08092451095581,132.681640625,2.42110657691956,28531,37183.45703125,38563.96875,0.00592087814584374,0.00518632028251886,0.00509263062849641,13.7829362160282,13.7886999179301,13.7896201602107,0.0064300736412406,0.00563234370201826,0.00553059671074152,134217728,1459.98913574219,494.143280029297,38886.671875,13.7790455053769,0.00550761306658387,1.64845478534698,197.181610107422,255.749681604779,64.6178721201117,-0.333845764810176,-0.0405001362142681,-0.00152735141715965,103,20,NaN,2460855.28356149,16,0.00543033730819435,255.749816894531,64.617790222168,37
1284,519,1284.04736328125,519.220947265625,0.664448380470276,0.688596904277802,-0.0111842220649123,1046.52172851562,1693.91906738281,1545.18212890625,1138.67749023438,695.779602050781,133.845413208008,11.3455858230591,134.035049438477,2.42692399024963,15655.462890625,20410.685546875,21115.513671875,0.00799371581524611,0.00700057717040181,0.00688271410763264,14.4345639146517,14.4399303480502,14.4435703370016,0.00868117529898882,0.00760262692347169,0.0074746273458004,134217732,1284.04553222656,519.22021484375,21367.841796875,14.4291452597104,0.00743129942566156,0.761633276939392,146.138641357422,255.608819415057,64.6320866926359,-0.333845764810176,-0.0405001362142681,-0.00152735141715965,103,20,NaN,2460855.28356149,16,0.0020781953795414,255.608825683594,64.6320877075195,39
658,477,658.010070800781,477.340454101562,0.660468518733978,0.688394248485565,-0.00784109439700842,1280.88452148438,2124.53173828125,1951.42272949219,1447.46826171875,890.656494140625,131.424957275391,5.84274959564209,132.361709594727,21.7654876708984,14354.263671875,18641.697265625,19349.970703125,0.00848321337252855,0.0074166301637888,0.00727632595226169,14.528776397825,14.5383606999786,14.5383736841697,0.00921276956796646,0.00805446039885283,0.00790209043771029,134217856,658.010559082031,477.337341308594,19558.275390625,14.5252203176938,0.00776657275855541,0.605640888214111,139.830017089844,255.097860206643,64.6359728307364,-0.333845764810176,-0.0405001362142681,-0.00152735141715965,103,20,NaN,2460855.28356149,16,-0.00992354125491762,255.097869873047,64.635986328125,40
1055,521,1054.60314941406,521.301025390625,0.662640988826752,0.68641722202301,-0.0107793193310499,1489.82556152344,2590.87158203125,2415.94018554688,1811.52685546875,1116.22021484375,132.488204956055,6.61880922317505,132.259765625,2.51592206954956,19408.4296875,25131.0234375,26049.0859375,0.00717919273301959,0.00630884105339646,0.00619664369150996,14.2012527024784,14.2140488906864,14.2155932437254,0.00779660325497389,0.00685140118002892,0.00672955485060811,134217732,1054.60571289062,521.30078125,26299.185546875,14.2036918829403,0.00669750943779945,1.13370859622955,162.149826049805,255.422779328557,64.6397751502359,-0.333845764810176,-0.0405001362142681,-0.00152735141715965,103,20,NaN,2460855.28356149,16,-0.00262348705908573,255.422790527344,64.639762878418,41
26,460,26.2716884613037,460.170806884766,0.663526296615601,0.705719411373138,-0.00894767697900534,501.713928222656,837.612243652344,770.83154296875,572.292297363281,351.824279785156,131.372482299805,6.42797374725342,130.950775146484,2.46329975128174,5931.77294921875,7777.095703125,8091.1875,0.0129906162619591,0.0113438535481691,0.0111213279888034,15.4882673730239,15.4875307041446,15.4850437866331,0.0141078094020486,0.0123194251209497,0.0120777618139982,201326592,26.272912979126,460.170318603516,8062.14501953125,15.4874204824887,0.012099782936275,0.368604362010956,89.7536773681641,254.583671455551,64.6468483129664,-0.333845764810176,-0.0405001362142681,-0.00152735141715965,103,20,NaN,2460855.28356149,16,-0.0147100064786885,254.58366394043,64.6468658447266,45
1666,620,1665.93298339844,619.557800292969,0.666885912418365,0.705485105514526,-0.00575206940993667,2120.2998046875,3602.84594726562,3345.9404296875,2510.69458007812,1553.68298339844,131.763885498047,5.79781007766724,132.507278442383,2.35641264915466,24777.3203125,32522.796875,33831.89453125,0.00635362369939685,0.00554553093388677,0.00543716410174966,13.9360928618286,13.9341046125772,13.9317586700079,0.00690003531053662,0.00602244678884745,0.00590476021170616,738197508,1665.93322753906,619.559997558594,33671.671875,13.9353861044369,0.00591881619766355,2.04977488517761,183.482635498047,255.926184456207,64.6548381731585,-0.333845764810176,-0.0405001362142681,-0.00152735141715965,103,20,NaN,2460855.28356149,16,0.0041942938994163,255.926147460938,64.6548233032227,46
21,509,21.0967693328857,509.379486083984,0.661352694034576,0.692315816879272,-0.00631494354456663,13696.421875,23254.818359375,21485.04296875,15977.7392578125,9814.703125,131.390823364258,6.37441921234131,136.354919433594,3.08992600440979,166162.359375,215786.3125,223200.3125,0.00245327455922961,0.00215277005918324,0.00211671250872314,11.8698970762183,11.8795145964313,11.8833374707837,0.00266425614245236,0.00233790837228298,0.00229874975048006,226492417,21.0959663391113,509.376678466797,225785.921875,11.8693050573788,0.00228553311899304,11.7925472259521,475.162658691406,254.582372212121,64.6641042617008,-0.333845764810176,-0.0405001362142681,-0.00152735141715965,103,20,NaN,2460855.28356149,16,0.00620272358194514,254.582427978516,64.6641006469727,49
1368,671,1367.85327148438,671.324584960938,0.663525342941284,0.693320453166962,-0.00741846254095435,1679.7939453125,2837.92065429688,2615.35961914062,1943.69165039062,1195.87573242188,131.96940612793,5.97303581237793,132.462310791016,2.43734049797058,19511.07421875,25393.58203125,26346.68359375,0.0071602058596909,0.00627608504146338,0.00616149324923754,14.1955257465609,14.2027644112245,14.2032595753239,0.0077759837731719,0.0068158283829689,0.00669138180091977,671088644,1367.85363769531,671.322692871094,26498.66015625,14.1954874227963,0.00667216535657644,0.575061559677124,162.765747070312,255.687949765708,64.682348524493,-0.333845764810176,-0.0405001362142681,-0.00152735141715965,103,20,NaN,2460855.28356149,16,0.00287361908041806,255.687973022461,64.6823501586914,51
414,596,414.229736328125,595.645690917969,0.68686705827713,0.696847498416901,-0.00571252452209592,538.201110839844,905.826477050781,841.655700683594,632.336730957031,391.187225341797,131.574417114258,6.12681674957275,131.961959838867,2.44494771957397,6366.2333984375,8427.0751953125,8741.451171875,0.0125389881432056,0.0108972154557705,0.0106993317604065,15.4115222833642,15.4003821421557,15.4011156123284,0.0136173414066434,0.0118343755602837,0.0116194747388363,134217860,414.231231689453,595.645690917969,8665.3701171875,15.4090799520932,0.0116705074906349,0.523013591766357,93.0550765991211,254.907388712819,64.683843110926,-0.333845764810176,-0.0405001362142681,-0.00152735141715965,103,20,NaN,2460855.28356149,16,-0.017300391961946,254.907363891602,64.6837615966797,52
907,685,907.145874023438,684.804321289062,0.668260872364044,0.697007894515991,-0.0090936841443181,617.879699707031,994.537475585938,909.991577148438,676.700256347656,421.558807373047,131.944229125977,6.16014289855957,134.005386352539,3.69462442398071,6757.43359375,8865.2119140625,9170.798828125,0.0121771963313222,0.010628929361701,0.0104500744491816,15.3467742117119,15.3453515129718,15.3490565366664,0.0132244350388646,0.0115430168807507,0.0113487811759114,134217732,907.147338867188,684.809631347656,9245.1318359375,15.3387645910702,0.0112984254956245,0.252627849578857,96.1195907592773,255.314272348321,64.7009833896045,-0.333845764810176,-0.0405001362142681,-0.00152735141715965,103,20,NaN,2460855.28356149,16,-0.000538536054791155,255.314270019531,64.7010116577148,57
1245,717,1244.64306640625,716.999450683594,0.655016779899597,0.703455567359924,-0.00535606918856502,649.969482421875,1093.81225585938,1009.18145751953,751.04345703125,463.199615478516,131.940124511719,5.92837190628052,132.440475463867,2.71470952033997,7497.552734375,9768.94140625,10111.4296875,0.0115545643493533,0.0101213864982128,0.00994837004691362,15.2339298597912,15.2399555571832,15.2430430404182,0.0125482566654682,0.010991825722158,0.0108039295300841,134217860,1244.64685058594,717.000610351562,10190.1884765625,15.2330917547665,0.0107613066211343,0.426044970750809,100.917114257812,255.591099110582,64.7020478704728,-0.333845764810176,-0.0405001362142681,-0.00152735141715965,103,20,NaN,2460855.28356149,16,-0.00215640604490333,255.59114074707,64.702018737793,58
1149,717,1149.146484375,716.914733886719,0.655592262744904,0.691395580768585,-0.00712507776916027,1284.4853515625,2039.36706542969,1851.53588867188,1359.93737792969,830.901916503906,131.903686523438,6.00377178192139,132.225036621094,2.3740406036377,13595.09375,17674.3203125,18280.60546875,0.00857825390994549,0.0075231185182929,0.00739727355539799,14.5877731789813,14.5962175232384,14.6000980237775,0.00931598339229822,0.00817010644823313,0.00803343951702118,134217728,1149.14794921875,716.914672851562,18580.443359375,14.5809072683773,0.00796841457486153,0.64495450258255,136.2880859375,255.51340569999,64.7049354110459,-0.333845764810176,-0.0405001362142681,-0.00152735141715965,103,20,NaN,2460855.28356149,16,0.000691686210496997,255.513473510742,64.7049331665039,59
208,659,207.754501342773,658.743530273438,0.674732804298401,0.694614231586456,-0.00462105683982372,2951.30908203125,4951.47705078125,4567.19482421875,3401.52368164062,2094.12719726562,131.355194091797,5.79677104949951,132.360748291016,2.32436990737915,33509.4453125,43843.90625,45465.77734375,0.00546325370669365,0.00477608619257808,0.00469011534005404,13.6083106034568,13.6098012287151,13.6108629141555,0.0059330933727324,0.00518682971596718,0.00509346509352326,671088644,207.755783081055,658.7431640625,45439.53515625,13.6099628637753,0.00509495753794909,0.796311557292938,213.151916503906,254.74326586676,64.7112860245725,-0.333845764810176,-0.0405001362142681,-0.00152735141715965,131175,20,NaN,2460855.28356149,16,0.00237229279086415,254.743209838867,64.711296081543,60
1535,773,1535.0615234375,772.58544921875,0.670234382152557,0.699264407157898,-0.00461707497015595,821.796997070312,1382.76037597656,1279.189453125,955.907287597656,591.165832519531,131.731384277344,5.8623743057251,131.466735839844,2.47071313858032,9496.91015625,12438.8857421875,12958.337890625,0.0102647496387362,0.00896841660141945,0.00878673698753119,14.9772728660949,14.9776206268374,14.9737012100019,0.0111475177109241,0.009739700704813,0.00954239629209042,201326596,1535.06005859375,772.587951660156,12903.5888671875,14.9767717550717,0.0095625389367342,0.57143497467041,113.568168640137,255.831444737878,64.7122431693356,-0.333845764810176,-0.0405001362142681,-0.00152735141715965,103,20,NaN,2460855.28356149,16,0.00416585263799657,255.831436157227,64.7122497558594,61
904,720,903.539611816406,720.045166015625,0.66881263256073,0.696698665618896,-0.0136620309203863,511.75439453125,884.661010742188,823.853088378906,617.908813476562,381.634643554688,131.91764831543,6.21821737289429,132.089172363281,2.40455174446106,6347.7353515625,8312.56640625,8591.92578125,0.0125570697709918,0.0109719401225448,0.0107919722795486,15.4146816449738,15.4152364952814,15.4198481597629,0.0136369774118066,0.0119155272841454,0.0117200817912817,671088644,903.546142578125,720.043151855469,8618.234375,15.4150013159237,0.0117024630308151,0.646169424057007,92.8009796142578,255.313760782829,64.713340102618,-0.333845764810176,-0.0405001362142681,-0.00152735141715965,103,20,NaN,2460855.28356149,16,-0.00787000354887027,255.313751220703,64.7133636474609,63
1102,742,1102.42529296875,741.658569335938,0.655771851539612,0.693215906620026,-0.00267139845527709,522.239807128906,906.502197265625,847.22412109375,639.044555664062,396.498352050781,131.824981689453,5.98822355270386,131.974014282227,2.53575301170349,6514.37744140625,8451.05078125,8773.9775390625,0.0123958922922611,0.0108820265159011,0.0106797432526946,15.3865463815216,15.397297536851,15.3970831567464,0.0134619390591979,0.0118178809061646,0.0115982014685869,671088644,1102.42785644531,741.657348632812,8851.6767578125,15.3859838674984,0.0115468595176935,0.514254868030548,94.0515441894531,255.477145156479,64.7149496859466,-0.333845764810176,-0.0405001362142681,-0.00152735141715965,103,20,NaN,2460855.28356149,16,-0.0146196713067849,255.477127075195,64.714958190918,64
305,709,304.702850341797,708.506408691406,0.670538187026978,0.687101066112518,-0.00832295604050159,605.322509765625,1087.896484375,1024.68640136719,774.679504394531,479.613159179688,131.620422363281,6.15094757080078,131.447967529297,2.26197600364685,8038.49462890625,10448.5,10800.353515625,0.0111570861190557,0.00978541653603315,0.00962462648749352,15.1582918701932,15.1669394528074,15.1714795298274,0.012116595171392,0.0106269624084234,0.0104523440822959,134217732,304.703460693359,708.509521484375,10864.390625,15.1635345648251,0.0104219755157828,0.469493597745895,104.20288848877,254.825317437956,64.7260462737683,-0.333845764810176,-0.0405001362142681,-0.00152735141715965,103,20,NaN,2460855.28356149,16,0.000784576216329049,254.82536315918,64.7260665893555,66
1404,803,1404.43383789062,803.239074707031,0.660691559314728,0.695331335067749,-0.00958644598722458,809.143005371094,1388.76086425781,1293.32409667969,972.071411132812,601.591247558594,131.815795898438,5.93584632873535,132.661590576172,19.2618865966797,9795.009765625,12743.888671875,13201.6025390625,0.0102936839684844,0.00898629520088434,0.00882480759173632,14.9437165071631,14.9513194014522,14.9535078271193,0.0111789405345917,0.00975911691784859,0.0095837414264679,134217732,1404.43200683594,803.239379882812,13312.5791015625,14.942891521307,0.00941446237266064,0.761558592319489,115.354438781738,255.727430076792,64.7270474493861,-0.333845764810176,-0.0405001362142681,-0.00152735141715965,103,20,NaN,2460855.28356149,16,0.00857469481594337,255.727386474609,64.7270584106445,67
1656,851,1655.63793945312,850.956420898438,0.667674422264099,0.702787697315216,-0.000949980749282986,1010.51947021484,1694.23828125,1566.1298828125,1168.2548828125,718.717041015625,131.68830871582,5.95458793640137,132.013290405273,2.43446636199951,11629.0380859375,15280.646484375,15817.048828125,0.00927553046494722,0.00809120759367943,0.00795277394354343,14.7573692115896,14.7542200044887,14.7572608239638,0.0100732259452343,0.00878705177456141,0.00863671209663153,201326724,1655.63854980469,850.957397460938,15835.7333984375,14.7544521521054,0.00863162148743868,0.61992734670639,125.816459655762,255.935539390064,64.7355730531279,-0.333845764810176,-0.0405001362142681,-0.00152735141715965,103,20,NaN,2460855.28356149,16,0.00638576597741695,255.93571472168,64.7355728149414,71
839,826,839.018920898438,825.973022460938,0.659937262535095,0.707167148590088,-0.0084618953987956,674.545349121094,1078.13342285156,979.938110351562,720.857543945312,440.814636230469,131.741470336914,6.08725786209106,131.849822998047,2.37597322463989,7190.7705078125,9440.267578125,9788.8251953125,0.0117973014712334,0.0102952681481838,0.0101102041080594,15.2792901094338,15.2771135575448,15.27824802244,0.0128118693828583,0.0111806616187096,0.010979681275785,134217732,839.020629882812,825.97412109375,9817.5107421875,15.2735437582455,0.0109638664871454,0.306473612785339,99.0526504516602,255.268448598432,64.7520549215836,-0.333845764810176,-0.0405001362142681,-0.00152735141715965,103,20,NaN,2460855.28356149,16,-0.0011738851980365,255.268478393555,64.7520599365234,74
1044,845,1044.12170410156,844.604858398438,0.66420704126358,0.693779706954956,-0.013261160813272,635.054992675781,1063.60314941406,981.994995117188,734.561462402344,459.9873046875,131.72705078125,5.93900871276855,131.944595336914,2.40984416007996,7340.7783203125,9560.4365234375,10013.7275390625,0.0116761773824692,0.0102304089814425,0.00999604072421789,15.2568734084495,15.2633800126582,15.2535850292267,0.012680328451097,0.0111102238297462,0.0108556998893619,134217732,1044.11694335938,844.607482910156,9991.93359375,15.2544235418759,0.0108676115050912,0.405783414840698,99.9299621582031,255.436918803419,64.7524922772528,-0.333845764810176,-0.0405001362142681,-0.00152735141715965,103,20,NaN,2460855.28356149,16,-0.0187332912202665,255.436920166016,64.7525405883789,75
546,821,546.377136230469,820.6826171875,0.667534708976746,0.698185622692108,-0.0110094845294952,2421.49975585938,4138.916015625,3856.68798828125,2904.20068359375,1801.15710449219,131.497619628906,5.8041877746582,132.076995849609,2.38119530677795,28828.0390625,37768.96875,39277.70703125,0.00589026929810643,0.00514594372361898,0.005046128295362,13.7716909458185,13.7717365122634,13.7697091497716,0.00639683241024613,0.00558849470689893,0.00548009527847171,134217732,546.378662109375,820.681518554688,39200.33203125,13.770323200079,0.00548551138490438,0.956501126289368,197.97607421875,255.029479182171,64.7585101776808,-0.333845764810176,-0.0405001362142681,-0.00152735141715965,131175,20,NaN,2460855.28356149,16,-0.00611562112819291,255.02961730957,64.7584228515625,76
913,853,913.306213378906,853.12451171875,0.660112261772156,0.689545214176178,-0.0129174664616585,10930.0498046875,17926.103515625,16428.388671875,12174.982421875,7482.232421875,131.730987548828,6.01728487014771,135.210784912109,2.63817524909973,122423.71875,159307.5,165404.375,0.00285811419598758,0.00250548240728676,0.00245887041091919,12.2015647829187,12.2089837745159,12.2087069850565,0.00310391210950911,0.00272095389664173,0.00267033325508237,134217732,913.306823730469,853.123046875,167091.90625,12.1961597631894,0.00265680649317801,4.99303388595581,408.761413574219,255.330874699752,64.7593286474585,-0.333845764810176,-0.0405001362142681,-0.00152735141715965,103,20,NaN,2460855.28356149,16,0.00128649690842149,255.330963134766,64.759407043457,77
14,794,14.0659694671631,793.942687988281,0.669102251529694,0.701087892055511,-0.00709530524909496,2787.92236328125,4432.7265625,4034.2548828125,2974.8056640625,1824.59436035156,131.490707397461,6.02389430999756,132.671447753906,9.63896465301514,29450.20703125,38732.00390625,40249.296875,0.00583632988855243,0.00508727598935366,0.00499024102464318,13.7485078201107,13.7443994122051,13.7431787209971,0.00633825408294797,0.00552478153258562,0.00541940191760659,746586116,14.0664653778076,793.940063476562,40236.73828125,13.7419904898129,0.00541440770030022,1.30661833286285,200.575958251953,254.593523198361,64.7633195431205,-0.333845764810176,-0.0405001362142681,-0.00152735141715965,103,20,NaN,2460855.28356149,16,0.00526632693481773,254.593521118164,64.7633361816406,78
246,813,246.376342773438,812.797668457031,0.665668845176697,0.695619583129883,-0.00509195076301694,2135.37744140625,3653.60717773438,3388.99047851562,2534.138671875,1563.7978515625,131.522003173828,5.94959831237793,132.272094726562,2.47634029388428,25464.90625,33197.796875,34422.9375,0.00626731058582664,0.00548890186473727,0.0053903223015368,13.9063734960022,13.911801171099,13.9129546448611,0.00680629909038544,0.005960947368294,0.0058538899756968,671088644,246.375564575195,812.796630859375,34525.7734375,13.9081892202816,0.00584514811635017,1.03802502155304,185.795120239258,254.784242716327,64.7638767847164,-0.333845764810176,-0.0405001362142681,-0.00152735141715965,103,20,NaN,2460855.28356149,16,-0.00136002470859107,254.784255981445,64.7638626098633,79
1458,929,1457.96606445312,928.897827148438,0.672839105129242,0.705495178699493,-0.00590610736981034,866.579406738281,1407.85192871094,1284.8359375,948.88037109375,582.931457519531,131.823425292969,5.85097312927246,132.243408203125,4.94327259063721,9261.740234375,12172.6923828125,12671.0498046875,0.0104046110063791,0.00907281693071127,0.00889225862920284,15.0044971988876,15.0011077054013,14.9980429649506,0.0112994071096182,0.00985307898372412,0.00965699274092913,134217728,1457.96472167969,928.899780273438,12592.322265625,15.0032829473935,0.00968005415052176,0.30165508389473,112.189453125,255.780400524899,64.7690244300925,-0.333845764810176,-0.0405001362142681,-0.00152735141715965,103,20,NaN,2460855.28356149,16,0.00962783422939253,255.780471801758,64.7690277099609,80
1525,946,1525.03015136719,946.404052734375,0.667727708816528,0.708895444869995,-0.00195735227316618,1431.45153808594,2438.70556640625,2262.1142578125,1695.91577148438,1050.91735839844,131.79833984375,5.82962560653687,132.510299682617,4.0932092666626,16676.548828125,21991.783203125,22881.013671875,0.00774755980819464,0.0067458264529705,0.00661334721371531,14.3659632493909,14.3589232142759,14.3563863130016,0.00841385032981634,0.00732596730813384,0.00718209519982338,134217732,1525.01696777344,946.402709960938,22709.052734375,14.3630499075375,0.00720752263441682,1.34647762775421,150.675903320312,255.83638748316,64.7729653229884,-0.333845764810176,-0.0405001362142681,-0.00152735141715965,103,20,NaN,2460855.28356149,16,-0.0011619434316127,255.836380004883,64.7729873657227,82
1182,966,1182.36340332031,966.053100585938,0.657007277011871,0.696826577186584,-0.00534530822187662,2255.61694335938,3744.1591796875,3444.46875,2561.32788085938,1579.55603027344,131.777099609375,5.85910034179688,132.571868896484,2.61858558654785,25451.2265625,33161.9453125,34394.48046875,0.00626908475533128,0.00549192866310477,0.00539260869845748,13.9069569076432,13.9129743324717,13.9138525812187,0.00680822599679232,0.00596423447132111,0.00585637288168073,134217732,1182.36291503906,966.050720214844,34673.34765625,13.9035581778012,0.00583268655464053,1.25480556488037,186.192077636719,255.558320163328,64.7905304797893,-0.333845764810176,-0.0405001362142681,-0.00152735141715965,1048679,20,NaN,2460855.28356149,16,-0.00330366006497624,255.558380126953,64.7905426025391,84
231,903,231.475601196289,903.108703613281,0.664048314094543,0.686224639415741,-0.0077668852172792,2102.58178710938,3661.90380859375,3411.3740234375,2558.05932617188,1579.76538085938,131.554321289062,5.81417322158813,132.178756713867,2.16766119003296,25583.3359375,33215.546875,34411.0625,0.00625260919332504,0.00548731675371528,0.00539114000275731,13.9013357660346,13.9112208112806,13.9133292596601,0.0067903334274888,0.00595922581851482,0.0058547779917717,134217732,231.473602294922,903.1064453125,34749.42578125,13.9011787603817,0.0058262930251658,1.57664275169373,186.396392822266,254.777670686237,64.795693865627,-0.333845764810176,-0.0405001362142681,-0.00152735141715965,103,20,NaN,2460855.28356149,16,-0.00337676169861664,254.777725219727,64.7956924438477,87
365,945,365.080169677734,944.611633300781,0.661279499530792,0.693290650844574,-0.0124641293659806,1743.06042480469,2930.68969726562,2704.29150390625,2012.98937988281,1237.7314453125,131.526718139648,5.87105178833008,132.208709716797,2.49274778366089,20104.1875,26103.091796875,27060.658203125,0.00705381110310555,0.00619021477177739,0.00607967935502529,14.1630123840646,14.1728444521289,14.1742285755064,0.00766043877229095,0.00672257319092751,0.00660253176465631,134217732,365.080352783203,944.611389160156,27281.72265625,14.1638683508358,0.00657567987218499,0.690359652042389,165.154022216797,254.889436155654,64.8065765091877,-0.333845764810176,-0.0405001362142681,-0.00152735141715965,131175,20,NaN,2460855.28356149,16,0.00240502605675858,254.889465332031,64.8065872192383,89
1194,1054,1193.74877929688,1054.39172363281,0.656465232372284,0.69622540473938,-0.00597670208662748,2205.00927734375,3852.591796875,3585.76708984375,2689.02221679688,1682.13562011719,131.774429321289,5.91482734680176,133.123474121094,11.0399532318115,27065.57421875,35097.83203125,36441.16796875,0.00609209993854165,0.0053470297716558,0.00524721527472138,13.840185586692,13.8513736014374,13.8510937457498,0.00661602057516575,0.00580687448382378,0.00569847598671913,134217732,1193.75183105469,1054.3916015625,36678.53515625,13.8425172995053,0.00567098939791322,1.30812895298004,191.5009765625,255.573999326909,64.8208912068388,-0.333845764810176,-0.0405001362142681,-0.00152735141715965,103,20,NaN,2460855.28356149,16,0.00178447692791885,255.573989868164,64.8208694458008,93
917,1048,916.80859375,1047.98681640625,0.660307228565216,0.693689227104187,-0.0093461824581027,700.249145507812,1148.35815429688,1048.02600097656,773.359130859375,474.304656982422,131.634552001953,5.91328144073486,132.656280517578,2.68538689613342,7653.4541015625,9950.3603515625,10293.298828125,0.0114360433071852,0.010028543882072,0.0098599512130022,15.211584978147,15.2199772969836,15.2236880035888,0.0124195432290435,0.0108909988775849,0.0107079073786736,671088644,916.809509277344,1047.986328125,10415.27734375,15.2093700598202,0.0106443129479885,0.513323724269867,102.026313781738,255.34722310355,64.8269839552606,-0.333845764810176,-0.0405001362142681,-0.00152735141715965,131175,20,NaN,2460855.28356149,16,0.00945985338726443,255.347274780273,64.8270492553711,94
677,1044,676.839111328125,1043.51477050781,0.670300304889679,0.698779881000519,-0.0118831545114517,1123.81311035156,1949.66577148438,1825.15478515625,1378.65869140625,856.445007324219,131.606140136719,5.92540597915649,132.613250732422,3.4005172252655,13813.890625,18103.6328125,18786.865234375,0.00851184409111738,0.00743456929922104,0.00729804346337914,14.5704386634801,14.5701599959578,14.5704386634801,0.00924386270344257,0.00807394180446863,0.00792567525058985,134217732,676.839294433594,1043.51379394531,18763.990234375,14.5702346991024,0.00792931672185659,0.531240999698639,136.960098266602,255.150726713783,64.8323616753998,-0.333845764810176,-0.0405001362142681,-0.00152735141715965,131175,20,NaN,2460855.28356149,16,0.00270764219001068,255.150756835938,64.8323593139648,96
1226,1092,1225.89624023438,1092.36389160156,0.656019926071167,0.697110652923584,-0.00615705456584692,751.429931640625,1266.15148925781,1168.39721679688,870.523559570312,539.646057128906,131.773849487305,5.9889440536499,133.098892211914,158.178894042969,8720.6376953125,11347.4326171875,11728.5302734375,0.0210635717958212,0.016805911436677,0.0163448043167591,15.0698580779792,15.0773302906634,15.0819654757562,0.0228750389069319,0.0182512197643518,0.0177504569292068,134217732,1225.89807128906,1092.36181640625,11884.455078125,15.0660995672665,0.00996436458081007,0.443498313426971,108.988388061523,255.603024815935,64.833102308847,-0.333845764810176,-0.0405001362142681,-0.00152735141715965,103,20,NaN,2460855.28356149,16,0.0151781862173617,255.60302734375,64.8331298828125,97
209,1014,208.611785888672,1014.15270996094,0.662737965583801,0.696248710155487,-0.00809661578387022,1739.27819824219,2933.89135742188,2714.6748046875,2026.46960449219,1249.00451660156,131.616256713867,5.64762258529663,132.479644775391,5.03775024414062,19823.1484375,25825.96875,26760.291015625,0.0071070846170187,0.00622565392404795,0.00611590081825852,14.1782971164802,14.1844327757931,14.1863473849983,0.00771829392760992,0.00676106009632349,0.00664186850190163,134217860,208.614944458008,1014.15057373047,26925.283203125,14.1781467627011,0.00661904318258166,1.26776766777039,164.072052001953,254.765857625418,64.8349357190347,-0.333845764810176,-0.0405001362142681,-0.00152735141715965,103,20,NaN,2460855.28356149,16,0.00333895050045544,254.765899658203,64.8349914550781,98
1221,1103,1220.81457519531,1102.64587402344,0.673494696617126,0.712890207767487,-0.0081854434683919,650.760864257812,1105.59753417969,1027.69506835938,774.182373046875,484.152618408203,131.767547607422,5.99216079711914,133.071868896484,186.353057861328,7658.31103515625,10130.4580078125,10557.9375,0.0268829576671124,0.0209069401025772,0.0201557986438274,15.2108961811864,15.2005016181073,15.1961267399256,0.0291948914527893,0.0227049365639687,0.0218891967087984,134217732,1220.81115722656,1102.64611816406,10423.4345703125,15.2085203360043,0.0106401853263378,0.45212060213089,102.065887451172,255.599614808965,64.836833987438,-0.333845764810176,-0.0405001362142681,-0.00152735141715965,103,20,NaN,2460855.28356149,16,-0.00355666583584251,255.599716186523,64.8368682861328,99
1425,1139,1424.54626464844,1138.77429199219,0.661479532718658,0.709968984127045,-0.00447798147797585,912.056701660156,1622.37866210938,1522.21606445312,1150.08422851562,714.046447753906,131.832534790039,5.86827325820923,132.088973999023,2.23001956939697,11489.4931640625,15045.294921875,15689.185546875,0.00933132972568274,0.00815401319414377,0.00798488408327103,14.7704765158584,14.7710725622966,14.7660734642249,0.0101338243111968,0.00885525811463594,0.00867158453911543,134217732,1424.55090332031,1138.77429199219,15565.314453125,14.7731527517758,0.0087062818929553,1.07648634910583,124.737518310547,255.768846054344,64.8430233950807,-0.333845764810176,-0.0405001362142681,-0.00152735141715965,103,20,NaN,2460855.28356149,16,0.00223116885243789,255.768844604492,64.8430252075195,100
582,1116,581.71142578125,1115.81298828125,0.659294843673706,0.693300724029541,-0.0085738142952323,611.817626953125,996.498596191406,915.598693847656,680.064697265625,418.211059570312,131.659042358398,5.96529674530029,132.322998046875,11.4713735580444,6799.2490234375,8856.9169921875,9153.7578125,0.0122442450374365,0.0107043739408255,0.0105268815532327,15.340076309398,15.3463678804152,15.3510759091277,0.0132972504943609,0.0116249499842525,0.0114321932196617,134217732,581.712707519531,1115.81201171875,9275.58203125,15.3351949881039,0.0112797329202294,0.299423485994339,96.2788772583008,255.077698655634,64.8601882624173,-0.333845764810176,-0.0405001362142681,-0.00152735141715965,131175,20,NaN,2460855.28356149,16,-0.00302963171668308,255.077728271484,64.8601760864258,104
1054,1163,1054.01342773438,1163.09326171875,0.666788756847382,0.706613302230835,-0.0118358815088868,776.147216796875,1253.2431640625,1142.06103515625,842.246276855469,516.503356933594,131.748977661133,5.93006467819214,132.000930786133,4.40208768844604,8281.55078125,10893.953125,11304.1328125,0.0110014947131276,0.00958943832665682,0.00941354688256979,15.1259495128709,15.121610565636,15.1219813295853,0.0119476234540343,0.0104141300544143,0.0102231120690703,671088772,1054.01159667969,1163.09338378906,11287.4716796875,15.1220554541073,0.0102245816960931,0.271305918693542,106.214614868164,255.467527906515,64.8629251846956,-0.333845764810176,-0.0405001362142681,-0.00152735141715965,131175,20,NaN,2460855.28356149,16,0.00855750749371613,255.467514038086,64.8628845214844,105
1602,1247,1601.98181152344,1246.69555664062,0.663541436195374,0.715512037277222,-0.000836817896924913,1141.70483398438,1855.97509765625,1706.09375,1272.1884765625,787.194030761719,132.40217590332,7.113844871521,133.435699462891,3.50349283218384,13694.087890625,18096.73828125,18888.375,0.00854924973100424,0.00743613205850124,0.00727853132411838,14.5798959187347,14.5705735631126,14.5645879725189,0.00928448513150215,0.00807563960552216,0.00790448486804962,201326596,1601.98205566406,1246.693359375,18711.5703125,14.5732721518002,0.00794067140668631,1.38743484020233,136.764251708984,255.922186275297,64.8748255781136,-0.333845764810176,-0.0405001362142681,-0.00152735141715965,103,20,NaN,2460855.28356149,16,0.00756163497515791,255.92219543457,64.8748779296875,107
292,1136,291.633880615234,1136.21398925781,0.657061040401459,0.689172565937042,-0.0074341269209981,556.744812011719,929.690002441406,858.514831542969,640.062927246094,394.742340087891,131.744705200195,5.99678993225098,132.582244873047,63.7431411743164,6460,8385.9287109375,8629.6396484375,0.0158796571195126,0.0133050996810198,0.0130552900955081,15.3956473807813,15.4056963996148,15.4150927993345,0.0172453075647354,0.0144493384286761,0.0141780450940132,134217732,291.638305664062,1136.21337890625,8807.138671875,15.3914608190976,0.0115760453045368,0.667790412902832,93.8144226074219,254.841449503474,64.8752119884652,-0.333845764810176,-0.0405001362142681,-0.00152735141715965,103,20,NaN,2460855.28356149,16,0.0115180752161322,254.841491699219,64.8752365112305,108
1344,1242,1344.48645019531,1242.43225097656,0.670131802558899,0.711014807224274,-0.00567434402182698,981.43115234375,1818.46008300781,1733.81958007812,1329.89880371094,832.323303222656,131.907302856445,6.13997411727905,132.215515136719,2.26136350631714,13718.576171875,18048.08984375,18748.947265625,0.00853938143700361,0.00744467787444592,0.0073041683062911,14.5779560984914,14.5734962164608,14.5726322446236,0.00927376840263605,0.0080849202349782,0.00793232675641775,134217732,1344.48522949219,1242.43115234375,18544.177734375,14.583028240057,0.00797623489052057,1.13562190532684,136.15446472168,255.711076543101,64.8815769333904,-0.333845764810176,-0.0405001362142681,-0.00152735141715965,103,20,NaN,2460855.28356149,16,0.00493828698951048,255.71110534668,64.8816070556641,109
571,1195,570.517761230469,1195.36877441406,0.660148561000824,0.694579124450684,-0.00657740607857704,760.968811035156,1389.73999023438,1314.41455078125,998.22705078125,619.770324707031,131.752960205078,5.99487257003784,132.088104248047,6.83888959884644,10234.8828125,13291.0390625,13737.005859375,0.00990714691579342,0.00868927035480738,0.00854657310992479,14.896021505331,14.9056769882314,14.9103442521148,0.0107591617852449,0.00943654775619507,0.00928157847374678,134217732,570.521728515625,1195.36437988281,13851.5888671875,14.8997978399716,0.00922941137105227,1.11209094524384,117.66731262207,255.073783203946,64.8881741070185,-0.333845764810176,-0.0405001362142681,-0.00152735141715965,103,20,NaN,2460855.28356149,16,0.00393699940417731,255.073822021484,64.8881454467773,110
1116,1242,1116.03332519531,1242.32556152344,0.662067532539368,0.702846527099609,-0.0109747219830751,1059.72033691406,1755.85485839844,1614.54846191406,1199.71264648438,738.286315917969,131.830947875977,5.88913679122925,132.121673583984,2.36077189445496,11869.6240234375,15567.423828125,16149.8330078125,0.00918086245656013,0.00801621470600367,0.00787029322236776,14.7351362874119,14.7340324524453,14.7346543724159,0.00997041631489992,0.00870560947805643,0.00854713842272758,134217732,1116.03149414062,1242.32421875,16182.908203125,14.7309068869076,0.00853847991675138,0.406533360481262,127.188919067383,255.523972871849,64.8885967372258,-0.333845764810176,-0.0405001362142681,-0.00152735141715965,103,20,NaN,2460855.28356149,16,0.000252417279658817,255.524047851562,64.8886260986328,111
1457,1284,1456.68249511719,1283.76794433594,0.665569007396698,0.713758587837219,-0.00270799943245947,1277.57592773438,2145.95166015625,1989.61572265625,1489.25805664062,919.648071289062,132.14128112793,6.47923374176025,132.206954956055,2.64372277259827,15455.96484375,20365.404296875,21176.009765625,0.00804544612765312,0.00700854742899537,0.006873051635921,14.4484883941832,14.4423417373071,14.4404641427386,0.00873735453933477,0.00761128263548017,0.00746413413435221,134217740,1456.68347167969,1283.76538085938,21004.5390625,14.4477647970639,0.00749445799738169,1.11833906173706,144.907073974609,255.806056001917,64.8923912890479,-0.333845764810176,-0.0405001362142681,-0.00152735141715965,103,20,NaN,2460855.28356149,16,0.0148496700731365,255.806045532227,64.8923873901367,113
1218,1269,1218.47680664062,1269.03625488281,0.662182807922363,0.70627349615097,-0.00879446696490049,3995.5537109375,6826.52783203125,6355.80517578125,4779.302734375,2961.44775390625,131.86994934082,6.0851788520813,133.173858642578,2.28958868980408,48539.1953125,63543.8828125,66082.984375,0.00453917728736997,0.00396717200055718,0.00389020401053131,13.2059972706267,13.2068899585704,13.2048503465048,0.00492954673245549,0.00430834898725152,0.00422476138919592,134217732,1218.47644042969,1269.03491210938,65907.65625,13.206207675787,0.0042304047383368,3.88344883918762,256.713012695312,255.609832328555,64.8947462278109,-0.333845764810176,-0.0405001362142681,-0.00152735141715965,103,20,NaN,2460855.28356149,16,0.00431846758870118,255.609878540039,64.8947143554688,114
1395,1317,1394.63073730469,1316.89477539062,0.699712991714478,0.74115777015686,-0.00481954962015152,463.716857910156,809.594360351562,759.74755859375,577.4443359375,361.198455810547,131.920806884766,6.07461452484131,132.384887695312,2.48132562637329,5653.75634765625,7675.44580078125,8044.8154296875,0.0133066205307841,0.01141884829849,0.0111534204334021,15.5403859469426,15.5018152886488,15.4912842382377,0.0144509896636009,0.0124008692800999,0.0121126146987081,671088640,1394.63122558594,1316.89367675781,7663.2685546875,15.5425123403988,0.0124106593430042,1.66090083122253,87.5054244995117,255.757713327902,64.9058771460834,-0.333845764810176,-0.0405001362142681,-0.00152735141715965,103,20,NaN,2460855.28356149,16,0.0188210832115742,255.757720947266,64.9058837890625,116
224,1239,223.911926269531,1238.65625,0.661087214946747,0.697383105754852,-0.0100516099482775,759.991821289062,1250.31127929688,1150.64367675781,855.234680175781,525.836303710938,131.787719726562,5.86033248901367,132.327117919922,2.27593612670898,8472.8759765625,11058.404296875,11451.28515625,0.0108671905472875,0.00951164122670889,0.0093469750136137,15.1011515632122,15.105343162097,15.1079388846514,0.0118017690256238,0.0103296423330903,0.0101508144289255,671088644,223.911315917969,1238.65515136719,11541.6865234375,15.0978740881405,0.0101112630218267,0.398131787776947,107.404975891113,254.792339751656,64.9126581299024,-0.333845764810176,-0.0405001362142681,-0.00152735141715965,131175,20,NaN,2460855.28356149,16,0.00786760306649326,254.79231262207,64.9126434326172,117
334,1252,333.921447753906,1251.93212890625,0.659792959690094,0.697966039180756,-0.0123421782627702,8635.013671875,13733.8701171875,12479.7802734375,9174.380859375,5612.47998046875,131.922393798828,6.18394660949707,134.52507019043,12.3862257003784,92661.3125,120895.890625,125443.8671875,0.00328783504664898,0.00287785963155329,0.00282514467835426,12.503982582986,12.5085454828129,12.5089508815504,0.00357058877125382,0.00312535557895899,0.00306810718029737,134217728,333.922058105469,1251.93115234375,126403.0234375,12.4991535376034,0.00305465189740062,4.02123403549194,355.523315429688,254.8834389024,64.914344032079,-0.333845764810176,-0.0405001362142681,-0.00152735141715965,1048679,20,NaN,2460855.28356149,16,0.0141869473055437,254.883483886719,64.9142990112305,118
632,1298,631.909606933594,1298.23559570312,0.664013564586639,0.696921050548553,-0.0109343826770782,4034.35986328125,6578.86376953125,6015.19189453125,4448.82568359375,2731.18579101562,131.803314208984,6.01076078414917,133.229675292969,3.5087742805481,44383.74609375,58063.1640625,60296.46875,0.00474731717258692,0.00415045488625765,0.00407284963876009,13.3031688139091,13.3048225841901,13.3043447699977,0.00515558663755655,0.00450739404186606,0.00442311493679881,134217732,631.909729003906,1298.23376464844,60547.23828125,13.2983116339169,0.00441371416673064,1.25751435756683,246.05126953125,255.130955115098,64.9222331317923,-0.333845764810176,-0.0405001362142681,-0.00152735141715965,131175,20,NaN,2460855.28356149,16,0.00912132352482927,255.131088256836,64.9221954345703,120
962,1335,962.119506835938,1334.77453613281,0.662891745567322,0.709839701652527,-0.0104147111997008,3397.599609375,5518.98779296875,5054.25244140625,3750.66723632812,2310.388671875,131.765777587891,5.93768215179443,133.484619140625,2.85667037963867,37032.375,48700.03125,50690.28125,0.00519705191254616,0.00453181052580476,0.00444193929433823,13.4997747870388,13.4957512301885,13.4927627139988,0.005643998272717,0.00492154620587826,0.00482394592836499,134217732,962.120056152344,1334.77270507812,50457.62109375,13.4962305258236,0.00483494997024536,1.01657116413116,224.614517211914,255.40438157572,64.9253670380676,-0.333845764810176,-0.0405001362142681,-0.00152735141715965,131175,20,NaN,2460855.28356149,16,0.0100792474111556,255.404403686523,64.9254150390625,121
757,1326,757.19775390625,1326.00378417969,0.671664595603943,0.718462228775024,-0.0166623070836067,903.453247070312,1447.69970703125,1324.65405273438,985.201904296875,609.250122070312,131.778106689453,5.96884059906006,132.362609863281,2.70886254310608,9634.55078125,12833.0068359375,13382.875,0.0101917693391442,0.00882998388260603,0.00864657945930958,14.9616500147624,14.9437532597693,14.93870090668,0.0110682612285018,0.00958936288952827,0.00939018558710814,134217732,757.198791503906,1326.00256347656,13181.4599609375,14.9536384771786,0.00946120359003544,0.822236001491547,114.784553527832,255.235637304326,64.9283165341233,-0.333845764810176,-0.0405001362142681,-0.00152735141715965,131175,20,NaN,2460855.28356149,16,0.00937091587284103,255.235610961914,64.9282913208008,122
973,1350,972.970458984375,1350.41442871094,0.6530881524086,0.702308595180511,-0.0149283912032843,2188.29760742188,3697.0185546875,3418.02587890625,2551.49658203125,1573.79809570312,131.770874023438,5.91857242584229,133.248596191406,3.86157178878784,25482.53515625,33260.0703125,34487.2421875,0.00626622093841434,0.0054844836704433,0.00538597861304879,13.9056221199981,13.9097664219198,13.9109282984542,0.00680511584505439,0.00595614919438958,0.00584917282685637,134217860,972.966430664062,1350.41088867188,34757.203125,13.9009346197567,0.00582564994692802,2.04515933990479,186.416961669922,255.414383097983,64.9304820860658,-0.333845764810176,-0.0405001362142681,-0.00152735141715965,131175,20,NaN,2460855.28356149,16,0.0133893698410322,255.414398193359,64.9305725097656,123
1677,1442,1676.96850585938,1442.11950683594,0.672351956367493,0.72574645280838,-0.00121352856513113,746.349548339844,1223.66064453125,1121.1474609375,831.391906738281,511.168182373047,132.067169189453,6.12616443634033,132.255218505859,2.36549043655396,8259.6142578125,10973.427734375,11398.05859375,0.0110069550573826,0.00954859703779221,0.0093689551576972,15.1288292726596,15.1137185515175,15.1129972452098,0.0119535531848669,0.0103697767481208,0.0101746851578355,201326596,1676.96765136719,1442.11804199219,11214.7216796875,15.1290764044247,0.0102577991783619,0.867400884628296,105.870666503906,255.99880966754,64.9402745624907,-0.333845764810176,-0.0405001362142681,-0.00152735141715965,103,20,NaN,2460855.28356149,16,0.0151278436114702,255.998764038086,64.9402770996094,124
872,1417,871.925659179688,1417.41882324219,0.661484837532043,0.705031454563141,-0.00628793844953179,502.314514160156,855.658569335938,793.167175292969,593.466796875,366.405029296875,131.764129638672,6.00004386901855,132.05110168457,2.67730641365051,5957.03466796875,7807.3310546875,8092.01416015625,0.012964210473001,0.0113226473331451,0.0111215142533183,15.4836533522995,15.48331782465,15.4849328648448,0.014079132117331,0.0122963953763247,0.0120779648423195,671088644,871.926086425781,1417.41442871094,8106.76123046875,15.4814285467587,0.0120660969987512,0.368032485246658,90.0042495727539,255.33612950371,64.9567709430024,-0.333845764810176,-0.0405001362142681,-0.00152735141715965,103,20,NaN,2460855.28356149,16,0.00371433765493862,255.336135864258,64.9567947387695,126
1277,1528,1277.34436035156,1528.1083984375,0.667657852172852,0.719372391700745,-0.00509653240442276,1870.513671875,3135.24560546875,2897.84057617188,2167.06079101562,1339.60961914062,131.915588378906,5.76572513580322,132.006240844727,2.26687026023865,21127.435546875,27965.890625,29105.193359375,0.00688064889982343,0.00598033610731363,0.00586209818720818,14.1091117356428,14.0980026920248,14.0951482431863,0.00747238472104073,0.00649464502930641,0.00636623846367002,201326596,1277.34301757812,1528.1064453125,28712.9453125,14.1083530615292,0.00640965392813087,1.3685142993927,169.431930541992,255.677208902048,64.9829799994521,-0.333845764810176,-0.0405001362142681,-0.00152735141715965,103,20,NaN,2460855.28356149,16,0.00585226161786222,255.677261352539,64.9830017089844,129
137,1437,137.359725952148,1436.56140136719,0.662632763385773,0.696820378303528,-0.0133453337475657,6997.86279296875,12370.5888671875,11640.4443359375,8810.509765625,5464.99658203125,131.976715087891,6.13784217834473,134.309692382812,2.86128401756287,90865.703125,118286.9140625,122591.015625,0.00331756612285972,0.00290768058039248,0.00285617751069367,12.5252287228137,12.5322325757674,12.53392785892,0.00360287679359317,0.00315774115733802,0.00310180871747434,134217732,137.225204467773,1436.35632324219,120926.1328125,12.5472482870541,0.00312306312844157,235.877197265625,347.735534667969,254.733388998121,64.9837404156903,-0.333845764810176,-0.0405001362142681,-0.00152735141715965,103,20,NaN,2460855.28356149,16,0.0156356516659833,254.733413696289,64.9838333129883,130
258,1477,257.949859619141,1476.8818359375,0.673662900924683,0.714522659778595,-0.0131834615021944,633.871704101562,1017.09393310547,929.549926757812,687.536865234375,420.926879882812,131.922256469727,6.0821328163147,131.875152587891,2.40338015556335,6820.8837890625,9045.25390625,9379.7421875,0.0121133280918002,0.010517880320549,0.0103285228833556,15.336627052715,15.3235224113621,15.3245972005479,0.0131550738587976,0.0114224180579185,0.0112167755141854,671088640,257.950286865234,1476.87854003906,9294.423828125,15.3329910467587,0.0112683586776257,0.553708255290985,96.3760604858398,254.835261935812,64.9946578427634,-0.333845764810176,-0.0405001362142681,-0.00152735141715965,103,20,NaN,2460855.28356149,16,-0.0029462935700729,254.835266113281,64.9946975708008,132
1346,1593,1346.05065917969,1592.86437988281,0.67393547296524,0.725792288780212,-0.00766119966283441,3262.98583984375,5328.9755859375,4885.77978515625,3624.59204101562,2230.16015625,132.036651611328,6.18971920013428,133.021606445312,2.66543436050415,36155.49609375,48023.359375,49993.0078125,0.00525963399559259,0.00456358212977648,0.00447276653721929,13.5257928886663,13.5109429875165,13.5078012993617,0.00571196246892214,0.0049560503102839,0.00485742464661598,201326596,1346.05053710938,1592.8642578125,49101.109375,13.5258192251645,0.00490130297839642,3.20065116882324,221.57373046875,255.738534658186,65.0033353729418,-0.333845764810176,-0.0405001362142681,-0.00152735141715965,103,20,NaN,2460855.28356149,16,0.0225976851078081,255.738540649414,65.0033493041992,136
1614,1622,1614.50402832031,1621.97302246094,0.673086285591125,0.730784058570862,-0.00729702645912766,1032.87805175781,1795.73876953125,1686.39709472656,1279.44458007812,796.249572753906,132.073822021484,6.04795408248901,132.341125488281,2.42716097831726,12821.9169921875,17072.25,17781.244140625,0.00883330591022968,0.0076547241769731,0.0075005111284554,14.6513462927378,14.6338474222019,14.6301691007522,0.00959296990185976,0.00831303000450134,0.00814555492252111,201326596,1614.50854492188,1621.97229003906,17362.357421875,14.654525203558,0.00824329908937216,2.88047695159912,131.743362426758,255.961560839733,65.0048231044139,-0.333845764810176,-0.0405001362142681,-0.00152735141715965,103,20,NaN,2460855.28356149,16,0.00975699459186826,255.961639404297,65.0048065185547,137
364,1574,363.649047851562,1573.60363769531,0.662569344043732,0.701565682888031,-0.015204063616693,504.688842773438,906.605102539062,852.34423828125,642.907531738281,396.678894042969,131.91259765625,6.11618518829346,132.147842407227,2.30984401702881,6611.2421875,8622.318359375,8866.0439453125,0.0123036401346326,0.0107726436108351,0.0106234522536397,15.370521009891,15.3755141804182,15.3857497538171,0.0133617529645562,0.0116990907117724,0.0115370694547892,201326724,363.656127929688,1573.59216308594,8930.296875,15.3763822744809,0.0114959683269262,0.565829038619995,94.467903137207,254.928472447378,65.0254691340276,-0.333845764810176,-0.0405001362142681,-0.00152735141715965,103,20,NaN,2460855.28356149,16,0.0120709979341784,254.928512573242,65.0254821777344,139
1651,1703,1650.66918945312,1702.5849609375,0.672155261039734,0.73823481798172,-0.0077031129039824,510.293273925781,900.267761230469,850.767028808594,648.539794921875,404.167297363281,132.080535888672,6.0820255279541,132.354064941406,2.47736310958862,6508.64794921875,8704.5458984375,9036.6923828125,0.0124010732397437,0.0107221035286784,0.0105230752378702,15.3875017228535,15.3652090169788,15.3650507064131,0.0134675651788712,0.0116442041471601,0.0114280600100756,201326724,1650.67102050781,1702.58386230469,8812.328125,15.3908209036313,0.0115726888179779,1.21426498889923,93.8416290283203,255.997626029162,65.0316482982104,-0.333845764810176,-0.0405001362142681,-0.00152735141715965,103,20,NaN,2460855.28356149,16,-0.00236585745245254,255.997650146484,65.0316390991211,140
355,1607,354.707427978516,1606.57177734375,0.668559432029724,0.704133093357086,-0.0114532262086868,926.524719238281,1631.31616210938,1530.39184570312,1156.69287109375,718.73193359375,131.941116333008,6.11069869995117,132.334136962891,2.41045117378235,11803.724609375,15463.7958984375,16065.353515625,0.00920655857771635,0.00804310105741024,0.0078910244628787,14.7411810227488,14.7412840534713,14.7403487459502,0.0099983224645257,0.0087348073720932,0.00856965221464634,201326596,354.711212158203,1606.57116699219,15979.78125,14.7446207235775,0.00859265588223934,0.381509482860565,126.387001037598,254.923224923428,65.0371884988822,-0.333845764810176,-0.0405001362142681,-0.00152735141715965,103,20,NaN,2460855.28356149,16,-0.00181371951237331,254.923263549805,65.0371856689453,141
684,1660,683.563842773438,1660.13244628906,0.662916779518127,0.711033046245575,-0.0118383513763547,1503.9716796875,2595.73120117188,2420.10131835938,1819.14099121094,1125.13806152344,131.862609863281,5.74074506759644,132.093231201172,2.65524768829346,17902.66015625,23507.181640625,24412.64453125,0.00747526716440916,0.00652326224371791,0.00640110997483134,14.2889347794203,14.2865729205662,14.286037396084,0.00811814051121473,0.00708426302298903,0.00695160543546081,738197636,683.567749023438,1660.12915039062,24282.470703125,14.2903150747738,0.00697003118693829,1.37493026256561,155.809921264648,255.197842013545,65.046654058926,-0.333845764810176,-0.0405001362142681,-0.00152735141715965,103,20,NaN,2460855.28356149,16,0.00358392011724742,255.197891235352,65.0466079711914,142
145,1633,145.418090820312,1632.69311523438,0.669793546199799,0.70329338312149,-0.0146699734032154,577.973876953125,1014.38555908203,951.927490234375,719.997619628906,447.649566650391,132.010757446289,6.22298669815063,132.310089111328,2.45166349411011,7399.359375,9700.7392578125,10086.17578125,0.0116299875080585,0.0101562198251486,0.00996015500277281,15.2482433799071,15.247562240046,15.2457581240573,0.0126301664859056,0.0110296551138163,0.0108167286962271,201326592,145.420135498047,1632.68737792969,10028.9384765625,15.2504095266781,0.0108476839959621,0.318616539239883,100.11353302002,254.752304119367,65.0518626376263,-0.333845764810176,-0.0405001362142681,-0.00152735141715965,103,20,NaN,2460855.28356149,16,0.00588611671069523,254.752334594727,65.051872253418,143
38,1711,37.7381896972656,1710.82971191406,0.667477369308472,0.703520715236664,-0.017008613795042,2814.41674804688,4642.18310546875,4271.10009765625,3174.78051757812,1953.29919433594,132.039169311523,6.55213212966919,133.192443847656,2.41283774375916,33145.578125,43410.67578125,45052.25,0.00549319898709655,0.0047998852096498,0.00471161492168903,13.6201647048436,13.6205829632405,13.6207832525692,0.0059656142257154,0.00521267531439662,0.00511681381613016,209715204,37.7405433654785,1710.82739257812,44988.90234375,13.6207832525692,0.00512045761570334,2.32496213912964,212.090423583984,254.66824354777,65.0818638138334,-0.333845764810176,-0.0405001362142681,-0.00152735141715965,103,20,NaN,2460855.28356149,16,0.00790335816536729,254.668212890625,65.0818786621094,144
